mean_p,obs,n
1.423100449679693e-09,0.0,906
1.2436749815207752e-08,0.0,906
8.669017083397808e-08,0.0,906
1.0287928078678133e-06,0.0,906
2.7153303736208686e-05,0.0,906
0.0002672777570215479,0.0,906
0.001376210475296047,0.0,906
0.007405997798617987,0.0033112582781456954,906
0.05002174929666865,0.03421633554083885,906
0.4066841464849918,0.4282560706401766,906
