league,n,share
BBL,247,0.4817813765182186
WBBL,175,0.6057142857142858
