wickets,games,potm,pct
1,1675,47,0.028059701492537312
2,842,48,0.057007125890736345
3,280,62,0.22142857142857142
4,64,24,0.375
5,10,8,0.8
