league,n,share
BBL,247,0.9595141700404858
WBBL,175,0.9714285714285714
