mean_p,obs,n
0.0002391484988344341,0.00015765410688948448,6343
0.008161051776041527,0.004419889502762431,905
0.050698712372439544,0.033112582781456956,906
0.4052586046414408,0.4271523178807947,906
